id_group,type,x,y,cell_diameter,id_cell,id_layer,angle,radius,area
342,epidermis,-0.2541648034504845,0.01726707583063411,0.018,4775,1,-2.7093770695942454,0.28138363847264,0.0002425516616962295
343,epidermis,-0.2575739708916609,0.025718564933436622,0.018,4789,1,-2.7398064053439968,0.278548212052695,0.00021308332616719588
344,epidermis,-0.2578006669958734,0.03508237546978392,0.018,4803,1,-2.7693466816953274,0.2747587886673118,0.00020229194658326525
345,epidermis,-0.25709501362541726,0.04420710581331104,0.018,4817,1,-2.7989764777796466,0.2707750273421192,0.00018928715158122487
346,epidermis,-0.25606556374465855,0.053218020258006225,0.018,4831,1,-2.8290233771019793,0.2667772938630408,0.00018327070906625363
347,epidermis,-0.2547932206800439,0.06217867625778046,0.018,4845,1,-2.8595869101014095,0.26281419715242327,0.00017963643110433861
348,epidermis,-0.2533029798880315,0.0710988644404995,0.018,4859,1,-2.8907474771061334,0.2589251083744353,0.00017828902565457887
349,epidermis,-0.2516256794887018,0.07998260114662606,0.018,4873,1,-2.9225208316032996,0.2551153590249582,0.0001786099032060073
350,epidermis,-0.24975283095828293,0.08882855471869809,0.018,4887,1,-2.9548932776324706,0.2513743944178367,0.00017899212861337708
351,epidermis,-0.24766761607547483,0.0976285626131856,0.018,4901,1,-2.9878744517541262,0.24770423387694301,0.000179079375447214
352,epidermis,-0.24537352984542213,0.10637545128312868,0.018,4915,1,-3.0215045537203036,0.24412532566525552,0.00017907439829359246
353,epidermis,-0.2428879390236651,0.115068603102017,0.018,4929,1,-3.0557926134831193,0.2406418009055991,0.0001788289380451755
354,epidermis,-0.24020286943765348,0.12370455852799357,0.018,4943,1,-3.0907074644589976,0.23723472607823792,0.00017832327879385444
355,epidermis,-0.23729642711987714,0.1322699006863584,0.018,4957,1,-3.126277632420841,0.2339198682096623,0.00017863271914928403
356,epidermis,-0.23418682790532816,0.14076195203700206,0.018,4971,1,3.120660807527708,0.23071113688949538,0.00017914275511869625
357,epidermis,-0.23088146212423177,0.14917919152740303,0.018,4985,1,3.083735395704116,0.22761226743619944,0.00017927153991492088
358,epidermis,-0.22737168660885354,0.15751663800543272,0.018,4999,1,3.0461813438761967,0.2245943563547247,0.00017928123892913325
359,epidermis,-0.22363069004782213,0.16575390070639018,0.018,5013,1,3.0079539727516913,0.2216889013150663,0.00017907538556504398
360,epidermis,-0.21969235301117193,0.173896132135392,0.018,5027,1,2.969053193295613,0.21890224532031485,0.0001785594740569709
361,epidermis,-0.21555288072628606,0.18193868530740717,0.018,5041,1,2.92949360624589,0.21623236095202372,0.00017869668391238045
362,epidermis,-0.21120120453121788,0.18987220032581215,0.018,5055,1,2.889322916129901,0.21365285000840303,0.00017931575839808214
363,epidermis,-0.20661765764832163,0.19767454440395646,0.018,5069,1,2.8485058471741116,0.2111982677532735,0.0001795512334211632
364,epidermis,-0.2018368782492615,0.20535503239103808,0.018,5083,1,2.8070578661087024,0.20887036236344217,0.00017963856752653464
365,epidermis,-0.19684968132321998,0.21290534717156442,0.018,5097,1,2.765014437448957,0.2066558634401867,0.0001794615409666614
366,epidermis,-0.1916410598653405,0.22030823441181224,0.018,5111,1,2.722406502282613,0.20454281588260587,0.00017892798711029374
367,epidermis,-0.1862083118736016,0.22754784999461827,0.018,5125,1,2.67922222231898,0.20255896146794813,0.0001791587980012705
368,epidermis,-0.1805769884581542,0.23463203800589225,0.018,5139,1,2.6354859007444067,0.20070517947389557,0.00017980269087856303
369,epidermis,-0.17473857016930872,0.24155025732208008,0.018,5153,1,2.5912492251085726,0.19895525630559383,0.00018001561091741288
370,epidermis,-0.16867508015906366,0.2482753739739749,0.018,5167,1,2.5465285406093154,0.19731478663386984,0.00018008922819274617
371,epidermis,-0.1624012679046292,0.25480309605354223,0.018,5181,1,2.501334333446144,0.19580179463721026,0.00017980513322235419
372,epidermis,-0.15593213059871588,0.26113620288792827,0.018,5195,1,2.4556979603661016,0.19441499233177958,0.00017933234544500104
373,epidermis,-0.1492597420988929,0.26726091954674425,0.018,5209,1,2.4096799590059876,0.19311171626307846,0.00017990567406430438
374,epidermis,-0.1423648112098423,0.2731369492357724,0.018,5223,1,2.3632840022134007,0.19191933200176411,0.00018047243999214137
375,epidermis,-0.13527981756400537,0.27877858675133005,0.018,5237,1,2.316535531085885,0.1908445641361442,0.00018061004928707284
376,epidermis,-0.12800948273364732,0.2841798531263617,0.018,5251,1,2.2694687534260365,0.18988180814781147,0.00018053894287638303
377,epidermis,-0.12054762275629083,0.28932234505792986,0.018,5265,1,2.222137988273079,0.1889775957422098,0.00017994492230415928
378,epidermis,-0.11288096610744017,0.2941564138710035,0.018,5279,1,2.174542016747927,0.18817903185035584,0.0001800515917294277
379,epidermis,-0.10505269597114981,0.2987172429227015,0.018,5293,1,2.1267112704048676,0.1874822822004414,0.00018078585144953475
380,epidermis,-0.09705954303620487,0.3029873234103117,0.018,5307,1,2.0786808742007596,0.18686611368305958,0.00018112074845158703
381,epidermis,-0.08889845931329292,0.3069369079039219,0.018,5321,1,2.0304806379220555,0.18630057931766486,0.00018119568195776304
382,epidermis,-0.08057738119882021,0.3105369236779946,0.018,5335,1,1.9821193177970187,0.18582279553604353,0.0001806485114516461
383,epidermis,-0.07212805533688617,0.31381709691449156,0.018,5349,1,1.9336217743235675,0.18542875940398568,0.00018033626838781077
384,epidermis,-0.06355130362590375,0.3167587600833531,0.018,5363,1,1.885016993243757,0.18508048429531998,0.0001812224458724972
385,epidermis,-0.054850034772128624,0.3193199565085136,0.018,5377,1,1.8363181201760135,0.1847784633248123,0.00018152850687605036
386,epidermis,-0.04604832858200428,0.32150345890201004,0.018,5391,1,1.7875384975343065,0.18454811606354796,0.00018159199173587394
387,epidermis,-0.03716744017770364,0.3233290856151903,0.018,5405,1,1.738697358491395,0.18438660095689868,0.0001812101155363184
388,epidermis,-0.0282128452425178,0.3247792694781313,0.018,5419,1,1.6898142548470956,0.18423936091547008,0.00018062227732753728
389,epidermis,-0.019197658710122502,0.32580202721371493,0.018,5433,1,1.640896294761358,0.18414272343559718,0.00018149485219301617
390,epidermis,-0.010151216816737649,0.3264408564063656,0.018,5447,1,1.59195875647594,0.1841088328491969,0.00018182754862627185
391,epidermis,-0.001086664375793413,0.32670074611035305,0.018,5461,1,1.543017883139969,0.1841335520335279,0.0001817873305405
392,epidermis,0.007985697485017276,0.32656581068439533,0.018,5475,1,1.494083434213937,0.18415792229209632,0.0001812235619357574
393,epidermis,0.017040738430649557,0.32598778900163355,0.018,5489,1,1.4451680363913664,0.18424522442432165,0.00018080286440021737
394,epidermis,0.026058995972084192,0.3250411800977891,0.018,5503,1,1.3962884288204893,0.184396774116359,0.0001815057160063457
395,epidermis,0.03503076887981828,0.3237160986243063,0.018,5517,1,1.3474591041810517,0.18459438446101825,0.0001817471819697183
396,epidermis,0.043937969802820345,0.32199338615657025,0.018,5531,1,1.298688095866123,0.18481650705033562,0.0001816510907537663
397,epidermis,0.05275559697649918,0.31986692410788936,0.018,5545,1,1.2499976815428133,0.18511096504089852,0.00018105497897644802
398,epidermis,0.0614773155994683,0.3173924984254632,0.018,5559,1,1.2014084811704069,0.18548104694538853,0.00018056826264615345
399,epidermis,0.07009315388294142,0.3145646204157476,0.018,5573,1,1.1529322457621058,0.18589580620577004,0.00018127867042724683
400,epidermis,0.07857812366443717,0.31136136572198275,0.018,5587,1,1.1045868537088908,0.18636810576699833,0.0001814154939452216
401,epidermis,0.08692061526955347,0.30781264465288843,0.018,5601,1,1.0564031112054355,0.18692910353938594,0.0001812883719891182
402,epidermis,0.09512037416871427,0.30395293656803424,0.018,5615,1,1.0084075753282937,0.18758288841657914,0.00018073806554563286
403,epidermis,0.10316852700238537,0.29978014455002366,0.018,5629,1,0.9606058291000769,0.18828743856239694,0.00018013733346890643
404,epidermis,0.11103358755157099,0.2952716186540406,0.018,5643,1,0.9130356801907383,0.18908388306593893,0.000180738179012786
405,epidermis,0.11872511940256136,0.2904823310117068,0.018,5657,1,0.8657320893380552,0.18998695874435284,0.00018095851185456592
406,epidermis,0.12624199140462822,0.2854262332306919,0.018,5671,1,0.8187248518276605,0.19099743805208158,0.00018085425217377978
407,epidermis,0.13357541810876417,0.28010240589612667,0.018,5685,1,0.7720125020092825,0.19207237553999001,0.00018041420100631307
408,epidermis,0.14069295313246374,0.2744948249301795,0.018,5699,1,0.7256543790976118,0.19326582037799814,0.00017965584135722505
409,epidermis,0.1476222892447868,0.2686645165298604,0.018,5713,1,0.6796834004253672,0.19458033392582033,0.00017999352407136447
410,epidermis,0.154357834433739,0.26261107829610375,0.018,5727,1,0.6341201966598947,0.1960041686865978,0.00018037767736963866
411,epidermis,0.1608857976172047,0.25633176828134585,0.018,5741,1,0.5889744523065901,0.19752000059712313,0.00018040367080797158
412,epidermis,0.1671917589689684,0.24983223293614804,0.018,5755,1,0.5443040878578459,0.1991639878450329,0.00018020865845928095
413,epidermis,0.17329960968177857,0.24315135172672056,0.018,5769,1,0.5001391036337366,0.2009369052455402,0.00017956237174482598
414,epidermis,0.17920452469774203,0.23628910379854196,0.018,5783,1,0.4564827623799486,0.20281640858922945,0.0001790860428803762
415,epidermis,0.18488739612549251,0.22924075768477262,0.018,5797,1,0.4133588470634553,0.20480542180663974,0.0001796268957729181
416,epidermis,0.19035220919228268,0.22202533400775773,0.018,5811,1,0.3708137778284816,0.2069247402490624,0.00017982078530128618
417,epidermis,0.19561551294823507,0.2146647465226222,0.018,5825,1,0.3288698644549288,0.2091733229461251,0.00017976716335407552
418,epidermis,0.20067284787870457,0.20715904542950817,0.018,5839,1,0.28750727158163836,0.2115201345082098,0.00017958172701058344
419,epidermis,0.20549991475310675,0.19950301001007356,0.018,5853,1,0.24676546101704985,0.21398430167102625,0.00017896365615077323
420,epidermis,0.21011814862770414,0.19172293399223073,0.018,5867,1,0.20667232878534378,0.21657398623478108,0.0001787479786127943
421,epidermis,0.21453511365472297,0.1838285285143558,0.018,5881,1,0.1672400041339663,0.21928669338305712,0.0001792368160721053
422,epidermis,0.21874640950423457,0.17581981490860585,0.018,5895,1,0.1284235061704173,0.2220842919456847,0.00017940713751019022
423,epidermis,0.22272267518982636,0.16769221057918354,0.018,5909,1,0.09027869725929481,0.22499900771201709,0.0001793765548168447
424,epidermis,0.22650116286155472,0.15947477017728878,0.018,5923,1,0.05281130175970887,0.2280284482056993,0.0001792004176654429
425,epidermis,0.2300786708109363,0.15116783703597472,0.018,5937,1,0.01601208615365393,0.2311623745377611,0.00017863315811717485
426,epidermis,0.2334462838578916,0.14277154673675346,0.018,5951,1,-0.020156250710153083,0.2343761804021534,0.00017836794255985481
427,epidermis,0.2365875714504492,0.13428893208126688,0.018,5965,1,-0.05565072746263851,0.23769489985978934,0.00017889887254086146
428,epidermis,0.2395344363457384,0.12573992356286687,0.018,5979,1,-0.09047498354714306,0.24111505937362995,0.00017914541981212988
429,epidermis,0.24228260285936654,0.11712425230951155,0.018,5993,1,-0.12465746390707863,0.2446200450480659,0.00017916535058243175
430,epidermis,0.24481857220159087,0.10844245958340369,0.018,6007,1,-0.15821723676194374,0.24820064954562776,0.00017903010669095365
431,epidermis,0.2471415047798195,0.09970270511328677,0.018,6021,1,-0.19113006822083614,0.2518722260538142,0.0001785643283540812
432,epidermis,0.24927307133793047,0.090916361304332,0.018,6035,1,-0.22340647985165574,0.25563061811360294,0.0001781538188123061
433,epidermis,0.2512081750099203,0.08208322101672832,0.018,6049,1,-0.2550932854419505,0.25945264449792105,0.0001785921677385038
434,epidermis,0.2529276302616648,0.07320473352434341,0.018,6063,1,-0.28619089596882413,0.26334184544064027,0.00017899805459952974
435,epidermis,0.25444409714121524,0.06429096249156342,0.018,6077,1,-0.3166966934019939,0.2673031355508594,0.00017940335347183288
436,epidermis,0.25576437043923594,0.05534584969846345,0.018,6091,1,-0.34665161625589647,0.2713185560050884,0.0001804979341537781
437,epidermis,0.2568525105621864,0.046358570666995134,0.018,6105,1,-0.3762853865898574,0.27526773226611373,0.00018224164078357118
438,epidermis,0.2575412217914856,0.03730373097019504,0.018,6119,1,-0.4059954937561906,0.27891822324616555,0.0001921708450017836
439,epidermis,0.25746954500776337,0.028151738399090888,0.018,6133,1,-0.4366374438266125,0.28153592670854855,0.0002018847268975665
440,epidermis,0.25547777197411237,0.019018179755770998,0.018,6147,1,-0.4680892271639941,0.2806876488057515,0.0002173089976751143
441,epidermis,0.2492870686739592,0.01165757363416348,0.018,6161,1,-0.4934572422809492,0.27526760935218064,0.00024370618037451402
442,epidermis,0.2401062654100725,0.0086926230237811,0.018,6175,1,-0.5136639087846757,0.26814420783495796,0.00021358676482162987
443,epidermis,0.23084530797023378,0.007818690490680619,0.018,6189,1,-0.5317882499059702,0.2605127723101267,0.00019571827579391047
444,epidermis,0.22173182081648668,0.007674302621356323,0.018,6203,1,-0.5501652032831508,0.2528345611812074,0.00018634825959653803
445,epidermis,0.21269591684504002,0.007635599339218244,0.018,6217,1,-0.569439375363002,0.24520765583695042,0.00017828401526400728
446,epidermis,0.20367811825011045,0.007632209080174127,0.018,6231,1,-0.5898894203350099,0.23766913810522813,0.00017642568061812863
447,epidermis,0.19466568285048808,0.007633043974172345,0.018,6245,1,-0.61166313226949,0.23023547989761334,0.00017619268635228762
448,epidermis,0.18565440278964376,0.007633255859308209,0.018,6259,1,-0.6348776244716233,0.22291817815100642,0.00017615809066298002
449,epidermis,0.1766432570133113,0.007633265821569183,0.018,6273,1,-0.6596534381510583,0.21572911881134044,0.0001761389189112663
450,epidermis,0.16763211706730122,0.007633266221669649,0.018,6287,1,-0.6861198832722961,0.208681557726548,0.00017614036909241302
451,epidermis,0.15862097731425903,0.007633266221779235,0.018,6301,1,-0.7144149875898446,0.20179032099319028,0.00017607514382945695
452,epidermis,0.1496098375612709,0.007633266221779693,0.018,6315,1,-0.7446847391162179,0.19507197655528768,0.00017590177122514075
453,epidermis,0.14059869780828302,0.0076332662217796915,0.018,6329,1,-0.777081664849749,0.18854500711271666,0.000175618127705779
454,epidermis,0.131587558055295,0.0076332662217796915,0.018,6343,1,-0.8117625324427684,0.18222997738126898,0.00017552767733801234
455,epidermis,0.12257641830230699,0.0076332662217796915,0.018,6357,1,-0.8488849125822947,0.17614968318142665,0.00017583081324672005
456,epidermis,0.11356527854931896,0.0076332662217796915,0.018,6371,1,-0.8886023114174674,0.17032926463984963,0.00017603600133091175
457,epidermis,0.10455413879633094,0.0076332662217796915,0.018,6385,1,-0.9310575807610073,0.16479625960525526,0.00017613215459047176
458,epidermis,0.09554299904334314,0.0076332662217796915,0.018,6399,1,-0.976374361566579,0.15958056663111944,0.00017613395925202468
459,epidermis,0.08653185929035512,0.0076332662217796915,0.018,6413,1,-1.024646442615196,0.15471428050452027,0.00017613702554946409
460,epidermis,0.0775207195373671,0.0076332662217796915,0.018,6427,1,-1.0759251533569028,0.150231358966926,0.00017605618515593373
461,epidermis,0.06850957978437908,0.0076332662217796915,0.018,6441,1,-1.1302052818317745,0.14616707947196292,0.00017586651447948058
462,epidermis,0.05949844003139106,0.0076332662217796915,0.018,6455,1,-1.1874105142802165,0.1425572527266595,0.00017556857115360252
463,epidermis,0.05048730027840326,0.0076332662217796915,0.018,6469,1,-1.2473799810985589,0.13943717857113266,0.00017557121016718803
464,epidermis,0.04147616052541524,0.0076332662217796915,0.018,6483,1,-1.3098580405064935,0.1368403614072945,0.00017586846991396148
465,epidermis,0.03246502077242722,0.0076332662217796915,0.018,6497,1,-1.374489738247762,0.13479704570789292,0.0001760572689619108
466,epidermis,0.023453881019439193,0.0076332662217796915,0.018,6511,1,-1.4408242155014659,0.13333268103645232,0.00017613724853330357
467,epidermis,0.014442741266451172,0.0076332662217796915,0.018,6525,1,-1.5083275228060335,0.1324664690118094,0.0001761339975672091
468,epidermis,0.0054316015134633746,0.0076332662217796915,0.018,6539,1,-1.5764048418311065,0.13221016705170877,0.00017613183504667672
469,epidermis,-0.003579538239524647,0.0076332662217796915,0.018,6553,1,-1.6444302944908766,0.13256731275288255,0.00017603481993157624
470,epidermis,-0.012590677992512667,0.0076332662217796915,0.018,6567,1,-1.711780841105041,0.13353298404699934,0.00017582875765886942
471,epidermis,-0.02160181774550069,0.0076332662217796915,0.018,6581,1,-1.7778697988999428,0.13509413209228427,0.00017552573074777948
472,epidermis,-0.03061295749848871,0.0076332662217796915,0.018,6595,1,-1.8421756040643062,0.13723043577258895,0.00017562082673143714
473,epidermis,-0.039624097251476496,0.0076332662217796915,0.018,6609,1,-1.9042625604037802,0.1399155522384754,0.0001759036228671842
474,epidermis,-0.04863523700446452,0.0076332662217796915,0.018,6623,1,-1.9637920596429663,0.143118595204663,0.00017607607782915696
475,epidermis,-0.057646376757452523,0.0076332662217796915,0.018,6637,1,-2.0205245508088887,0.14680566783271892,0.00017613990130731835
476,epidermis,-0.06665751651044055,0.0076332662217796915,0.018,6651,1,-2.0743138978486564,0.15094130382887505,0.000176134832502721
477,epidermis,-0.07566865626342857,0.0076332662217796915,0.018,6665,1,-2.1250964664555485,0.15548971533386596,0.00017612420298379172
478,epidermis,-0.08467979601641637,0.0076332662217796915,0.018,6679,1,-2.1728773542962214,0.1604157948175564,0.00017601099223445643
479,epidermis,-0.09369093576940439,0.0076332662217796915,0.018,6693,1,-2.217715816445934,0.1656858598631332,0.0001757884878232721
480,epidermis,-0.10270207552239241,0.0076332662217796915,0.018,6707,1,-2.2597113724680473,0.17126815924017819,0.0001754963131720387
481,epidermis,-0.11171321527538043,0.0076332662217796915,0.018,6721,1,-2.298991500700174,0.17713317549162835,0.00017567003987395985
482,epidermis,-0.12072435502836845,0.0076332662217796915,0.018,6735,1,-2.3357013397532813,0.18325376566191673,0.00017593628040665372
483,epidermis,-0.12973549478135626,0.0076332662217796915,0.018,6749,1,-2.3699954683388973,0.18960518104232593,0.00017609243129906624
484,epidermis,-0.1387466345343443,0.0076332662217796915,0.018,6763,1,-2.402031617780756,0.19616500199120493,0.00017614011336504658
485,epidermis,-0.14775777428733225,0.007633266221779693,0.018,6777,1,-2.4319660602908013,0.20291301735872302,0.0001761364646629267
486,epidermis,-0.1567689140403202,0.007633266221779697,0.018,6791,1,-2.4599503782995047,0.20983107134151793,0.0001761141370197088
487,epidermis,-0.16578005379330818,0.007633266221779823,0.018,6805,1,-2.486129327504487,0.21690289455498848,0.00017598478208124893
488,epidermis,-0.1747911935463423,0.00763326622187676,0.018,6819,1,-2.5106395375013157,0.22411393109637376,0.0001757461865443035
489,epidermis,-0.1838023335214859,0.007633266683798805,0.018,6833,1,-2.533608844953031,0.23145116776865876,0.00017548617947619902
490,epidermis,-0.19281348107192112,0.007633285804923341,0.018,6847,1,-2.555156381519433,0.23890292354287668,0.0001757424387229287
491,epidermis,-0.20182472792052042,0.007633611040375802,0.018,6861,1,-2.5753961262006615,0.24645816051112493,0.00017617610211300176
492,epidermis,-0.21083726168687913,0.007637925716689324,0.018,6875,1,-2.5944819915592445,0.2540994099874578,0.000177144874948498
493,epidermis,-0.21985626362324184,0.007673000450689141,0.018,6889,1,-2.6127355765765192,0.2617827151135983,0.00018021678847242073
494,epidermis,-0.22889519398033367,0.007841746002891175,0.018,6903,1,-2.6309098766621886,0.269390380590024,0.000185613402300084
495,epidermis,-0.2379874663942682,0.008483110538184943,0.018,6917,1,-2.6513533540755487,0.2764315048893758,0.00020048192667800792
496,epidermis,-0.24700166481880168,0.010684087858343494,0.018,6931,1,-2.6777282672587797,0.2814634203752193,0.00021213253234724308
497,sclerenchyma,-0.2328873887882785,0.03756479601464788,0.02,6945,2,-2.7495756153189457,0.2530860005881936,0.00026924953085859726
498,sclerenchyma,-0.23592213224370867,0.04736323926035245,0.02,6959,2,-2.7869612400916197,0.2492465540904037,0.000241396321465765
499,sclerenchyma,-0.23501833373266123,0.057915577935122774,0.02,6973,2,-2.823640219691599,0.24465114170618102,0.0002297091517432172
500,sclerenchyma,-0.23340088341002932,0.06807510759022721,0.02,6987,2,-2.8608850776641033,0.23998717567462016,0.00021368984340897944
501,sclerenchyma,-0.2314774301810574,0.07810976468894866,0.02,7001,2,-2.8989679133993405,0.23537374994769292,0.00020904421852760535
502,sclerenchyma,-0.2292629708254811,0.08807048969127797,0.02,7015,2,-2.9380223511253294,0.2308657808748453,0.0002073651680778872
503,sclerenchyma,-0.22678958599932172,0.09796571977780605,0.02,7029,2,-2.9780832988313928,0.22647294831892387,0.00020706364287050705
504,sclerenchyma,-0.22404650381618355,0.10779161003735538,0.02,7043,2,-3.0191371900324997,0.22218365580693467,0.00020721555047809547
505,sclerenchyma,-0.2210178726233765,0.11753282052005662,0.02,7057,2,-3.061269682990186,0.21803486712294018,0.0002077557908043961
506,sclerenchyma,-0.21773116519040184,0.1271908547441875,0.02,7071,2,-3.1044309718652436,0.21399901072919478,0.0002075609780320837
507,sclerenchyma,-0.21414830535694404,0.1367447260674156,0.02,7085,2,3.134497686760818,0.21010813981266888,0.00020724086555802312
508,sclerenchyma,-0.21029914394756843,0.1461932760445044,0.02,7099,2,3.08914773363736,0.20636124565609473,0.00020725822871843052
509,sclerenchyma,-0.20616679936489887,0.15552458687433457,0.02,7113,2,3.042727528163779,0.20274870445302454,0.00020736889061377737
510,sclerenchyma,-0.2017416098201394,0.16472018435309915,0.02,7127,2,2.9951777160498474,0.19930691553642083,0.00020781000454104216
511,sclerenchyma,-0.1970469694718317,0.1737831256798397,0.02,7141,2,2.9465762863885683,0.1959994535891218,0.00020774134892891707
512,sclerenchyma,-0.19204329806166887,0.18268107131104483,0.02,7155,2,2.89686844402859,0.19286838640165235,0.00020736079969740445
513,sclerenchyma,-0.18676934972266215,0.19142014880785688,0.02,7169,2,2.8460943243910806,0.18990359366550708,0.0002071990702886056
514,sclerenchyma,-0.18120218273668912,0.1999794102249629,0.02,7183,2,2.794293091641456,0.18709876841819084,0.0002074041327328584
515,sclerenchyma,-0.17534113387436143,0.20833943019009402,0.02,7197,2,2.741446499658657,0.1844882405188354,0.00020816203359627544
516,sclerenchyma,-0.16920502541233726,0.21650338402827268,0.02,7211,2,2.687665509453255,0.1820212092689829,0.00020815072820513366
517,sclerenchyma,-0.1627537820879337,0.22442315158300954,0.02,7225,2,2.632923827402254,0.17974878498858113,0.00020798030823362108
518,sclerenchyma,-0.15603414399208532,0.2321149932231964,0.02,7239,2,2.577300324772656,0.17764664802653565,0.00020811896294926308
519,sclerenchyma,-0.1490187319334799,0.23954368139483997,0.02,7253,2,2.5208529903655617,0.1757100867465776,0.0002083910095324496
520,sclerenchyma,-0.14171751421873538,0.24669044561735545,0.02,7267,2,2.463603912127862,0.17396926550249356,0.00020900000913060213
521,sclerenchyma,-0.13414626487112216,0.2535567829179103,0.02,7281,2,2.4056769676848986,0.17235651470503066,0.00020878829759779396
522,sclerenchyma,-0.12627123222612577,0.2600758289987649,0.02,7295,2,2.347074459037739,0.17093187468167836,0.00020859093327264442
523,sclerenchyma,-0.11814583095765534,0.2662781267315584,0.02,7309,2,2.287889535259821,0.16965349850806405,0.0002086810197631255
524,sclerenchyma,-0.109744235739751,0.2721094484554528,0.02,7323,2,2.2281839859528922,0.16851818653429002,0.00020921137641782494
525,sclerenchyma,-0.10108887713804081,0.2775550644530165,0.02,7337,2,2.1679990886378837,0.1675480625476175,0.00020912109508892048
526,sclerenchyma,-0.0921952012596774,0.2826121452460984,0.02,7351,2,2.1074325928931974,0.1666679286106174,0.00020855554638690772
527,sclerenchyma,-0.0830500611514034,0.287203146728889,0.02,7365,2,2.046503148262405,0.1659413992080073,0.00020871952213053177
528,sclerenchyma,-0.07370634995726673,0.29137235372401304,0.02,7379,2,1.9852819138613342,0.16531510325286766,0.00020930136176735593
529,sclerenchyma,-0.0641539981777498,0.2950519825613987,0.02,7393,2,1.92381591030635,0.16479363659633275,0.00020987370011638732
530,sclerenchyma,-0.05442922754861097,0.2982417638833889,0.02,7407,2,1.8621403751908459,0.1643957216070473,0.0002095640172837753
531,sclerenchyma,-0.044551609899708314,0.30093966382121456,0.02,7421,2,1.8003149348501937,0.16404668311977147,0.00020959408476862442
532,sclerenchyma,-0.034535285339202665,0.30307034944388067,0.02,7435,2,1.7383622691137606,0.16381640334166933,0.00020996783076251992
533,sclerenchyma,-0.024426479591247944,0.30469658024370094,0.02,7449,2,1.6763235472690767,0.16364646762487198,0.00021053348435274658
534,sclerenchyma,-0.01423763661315153,0.30574786811498644,0.02,7463,2,1.6142334446709978,0.16355376029975793,0.00020978558082658468
535,sclerenchyma,-0.00401038551457095,0.3062481755682862,0.02,7477,2,1.552119272292164,0.16355780956084975,0.0002094775810425646
536,sclerenchyma,0.006232911551638535,0.3062031194272932,0.02,7491,2,1.4900145534425735,0.16359405613938785,0.00020958762994415544
537,sclerenchyma,0.016455287105769177,0.3055570685050674,0.02,7505,2,1.42795225263279,0.16373984717872236,0.00020998347449217449
538,sclerenchyma,0.02662877659017797,0.3043913562909952,0.02,7519,2,1.365958184501654,0.163941037175829,0.00020964542946888814
539,sclerenchyma,0.036722053328970626,0.30264875104300154,0.02,7533,2,1.3040733306233452,0.16422887042314616,0.00020976698973633844
540,sclerenchyma,0.046704973719027626,0.3003789931116474,0.02,7547,2,1.2423343239469262,0.16462410411842637,0.0002100112433163347
541,sclerenchyma,0.05655978219161001,0.2975964816556568,0.02,7561,2,1.1807705837056357,0.16507825709020948,0.00021024333151100188
542,sclerenchyma,0.06624353842186369,0.294273902483493,0.02,7575,2,1.1194443985551712,0.16566841021850368,0.00020964045011582125
543,sclerenchyma,0.07575537972489048,0.29049591319212886,0.02,7589,2,1.0583829392218382,0.16634667982054602,0.00020940668184250513
544,sclerenchyma,0.08505665118250252,0.28622328151117543,0.02,7603,2,0.9976524966815121,0.16715251989295324,0.00020943369928572478
545,sclerenchyma,0.09414034183256043,0.2815174436484765,0.02,7617,2,0.9373102101386654,0.16810161749625513,0.00020965430597919883
546,sclerenchyma,0.10299627935945625,0.2763932300692939,0.02,7631,2,0.8773920671095938,0.1691593540197176,0.00020866040573380907
547,sclerenchyma,0.1115894960960661,0.27084514702647533,0.02,7645,2,0.8179948022421343,0.1703917522197614,0.00020842467465006424
548,sclerenchyma,0.11994045760795274,0.2649435331048136,0.02,7659,2,0.7591432168449578,0.17175337596382478,0.00020872671500397826
549,sclerenchyma,0.12801009106222433,0.2586624866763205,0.02,7673,2,0.7009281837525819,0.17328390975603475,0.00020923595932816421
550,sclerenchyma,0.13581259378166413,0.25206024933099563,0.02,7687,2,0.64341175968501,0.1749879754843676,0.00020883099064740522
551,sclerenchyma,0.1433408107504076,0.24514554666522487,0.02,7701,2,0.5866268818583602,0.17683966899308923,0.00020845886471049693
552,sclerenchyma,0.15057157753573516,0.23792464756099072,0.02,7715,2,0.5306810585367384,0.17888849876187082,0.00020828678173725893
553,sclerenchyma,0.15753430732407278,0.23044739749280754,0.02,7729,2,0.4755735823243213,0.18108812679902656,0.00020844022912483025
554,sclerenchyma,0.164190680982762,0.22269640806019514,0.02,7743,2,0.42139857642144934,0.18347450978584845,0.00020871491822066618
555,sclerenchyma,0.1705688477515815,0.21472024563341374,0.02,7757,2,0.36819074553174375,0.18603962769819662,0.00020806627755455288
556,sclerenchyma,0.17665887368406866,0.20652070554529606,0.02,7771,2,0.3159612241958427,0.1887622680617557,0.00020770005560303903
557,sclerenchyma,0.18244727565082042,0.1981087591213129,0.02,7785,2,0.2647946389787591,0.19167580811460713,0.00020759921953329862
558,sclerenchyma,0.18796284148078052,0.18951620332211386,0.02,7799,2,0.2146454251856706,0.19473225205047479,0.000207803627225547
559,sclerenchyma,0.19316717005027945,0.18073203642066568,0.02,7813,2,0.16559458699777146,0.1979658022497898,0.0002078293816090925
560,sclerenchyma,0.19809832956469042,0.17179576648669617,0.02,7827,2,0.11763412408095386,0.2013599385981841,0.00020727527557627055
561,sclerenchyma,0.20274216614946,0.16270580631350237,0.02,7841,2,0.0707542185798525,0.20490006343407569,0.00020714424947350287
562,sclerenchyma,0.20709516852963109,0.15347587374811467,0.02,7855,2,0.02500664162519978,0.20860869748076558,0.00020716013644273915
563,sclerenchyma,0.2111823132461238,0.14412488530900588,0.02,7869,2,-0.019693903572801107,0.21243758399416157,0.00020753432881547772
564,sclerenchyma,0.2149646592458454,0.13464680839414445,0.02,7883,2,-0.0632829442471028,0.21641902246301378,0.0002078236894083141
565,sclerenchyma,0.2184851590319641,0.12507142020618078,0.02,7897,2,-0.10580952085515181,0.22052933483218753,0.00020730884464681317
566,sclerenchyma,0.22172286900376717,0.11539552228397273,0.02,7911,2,-0.14729641826431525,0.22475944266082334,0.00020712812434099052
567,sclerenchyma,0.2246817720981258,0.10563323396015883,0.02,7925,2,-0.18772067585066077,0.22912459183986525,0.00020710482033766507
568,sclerenchyma,0.22738111050636428,0.09579483620066116,0.02,7939,2,-0.22719396904808292,0.2335764526082405,0.00020730983606731684
569,sclerenchyma,0.22977999619367367,0.08587893795510647,0.02,7953,2,-0.2656631172101783,0.23814641721032914,0.00020775332671602568
570,sclerenchyma,0.23192162005168673,0.07590546205952468,0.02,7967,2,-0.3032318877637463,0.2427935637800845,0.00020826802326117638
571,sclerenchyma,0.23374974014838726,0.06585960306604569,0.02,7981,2,-0.34011913223296,0.2474235846835012,0.0002117923199956062
572,sclerenchyma,0.23511720306066314,0.055707448508428445,0.02,7995,2,-0.3770078539704878,0.25170060156302454,0.00021988337142551248
573,sclerenchyma,0.2354040388686868,0.04533066065706609,0.02,8009,2,-0.415849292869921,0.25402735260831316,0.0002406681535402487
574,sclerenchyma,0.23223720481632273,0.03509223725600877,0.02,8023,2,-0.45216996514934527,0.2502954435687879,0.00026126917234016895
575,sclerenchyma,0.22305292815859254,0.029040518095293868,0.02,8037,2,-0.47820113495575456,0.24247391764858323,0.00025386720715403905
576,sclerenchyma,0.212355097539233,0.02769475413585168,0.02,8051,2,-0.5000978196367072,0.2337572648641308,0.00023181967198546212
577,sclerenchyma,0.2020238894435955,0.02750639413498121,0.02,8065,2,-0.5221507264334053,0.22494663489095293,0.00021650411975774594
578,sclerenchyma,0.1918275919130414,0.027480233756850547,0.02,8079,2,-0.545648626050025,0.21620870985315102,0.0002067885277145365
579,sclerenchyma,0.18166110298001076,0.02748048795738887,0.02,8093,2,-0.5710543425423128,0.20759268475826648,0.0002046499969512148
580,sclerenchyma,0.17150102149253338,0.027481362114652227,0.02,8107,2,-0.598635370045901,0.199121478200371,0.00020436626426511336
581,sclerenchyma,0.16134196067961104,0.027481388257513284,0.02,8121,2,-0.6286413888637453,0.19081501569570875,0.00020436043473430528
582,sclerenchyma,0.15118299378525146,0.027481405626084924,0.02,8135,2,-0.6613460197593519,0.18269587609646626,0.00020448295848029215
583,sclerenchyma,0.141024040743415,0.02748140679366202,0.02,8149,2,-0.6970502432867813,0.17479017272931557,0.0002047179560375025
584,sclerenchyma,0.13086508863859114,0.027481406909180568,0.02,8163,2,-0.7360818660454804,0.1671281975901128,0.00020479945941418283
585,sclerenchyma,0.12070613660053221,0.02748140691303187,0.02,8177,2,-0.7787917157276121,0.15974502492894174,0.0002045383966117965
586,sclerenchyma,0.11054718456448884,0.02748140691308769,0.02,8191,2,-0.8255457043305197,0.15268110610784644,0.00020437987198637436
587,sclerenchyma,0.10038823252847454,0.027481406913088546,0.02,8205,2,-0.8767110142948552,0.14598279332860692,0.0002043295859513559
588,sclerenchyma,0.09022928049246062,0.027481406913088546,0.02,8219,2,-0.9326343464130473,0.13970268553850396,0.00020433033232509883
589,sclerenchyma,0.08007032845644671,0.027481406913088546,0.02,8233,2,-0.9936102247509535,0.133899639126689,0.0002043644430380715
590,sclerenchyma,0.0699113764204328,0.027481406913088546,0.02,8247,2,-1.0598381460672273,0.12863823297443508,0.00020450645118823065
591,sclerenchyma,0.05975242438441891,0.027481406913088546,0.02,8261,2,-1.131369383213729,0.12398743976811759,0.00020475824581999444
592,sclerenchyma,0.04959347234840502,0.027481406913088546,0.02,8275,2,-1.2080478984647804,0.1200182655709547,0.00020475520438422007
593,sclerenchyma,0.03943452031239124,0.027481406913088546,0.02,8289,2,-1.2894549177129955,0.11680022060770211,0.00020450311006422656
594,sclerenchyma,0.02927556827637734,0.027481406913088546,0.02,8303,2,-1.3748718760128413,0.11439671153619589,0.000204360789698309
595,sclerenchyma,0.01911661624036346,0.027481406913088546,0.02,8317,2,-1.4632787762522406,0.11285979044603711,0.00020432628341752568
596,sclerenchyma,0.008957664204349593,0.027481406913088546,0.02,8331,2,-1.5534010228854234,0.11222506672616091,0.00020432424321486684
597,sclerenchyma,-0.0012012878316642712,0.027481406913088546,0.02,8345,2,-1.6438059854703089,0.11250781091461687,0.0002043742113821531
598,sclerenchyma,-0.011360239867678158,0.027481406913088546,0.02,8359,2,-1.7330341309176085,0.1137011787311247,0.0002045325289135342
599,sclerenchyma,-0.02151919190369206,0.027481406913088546,0.02,8373,2,-1.8197363095035037,0.11577701492885022,0.0002047926932515824
600,sclerenchyma,-0.03167814393970597,0.027481406913088546,0.02,8387,2,-1.9027862860570308,0.11868902619772102,0.00020470612884305892
601,sclerenchyma,-0.041837095975719885,0.027481406913088546,0.02,8401,2,-1.98134739856952,0.12237753595587499,0.00020447063073278683
602,sclerenchyma,-0.051996048011733784,0.027481406913088546,0.02,8415,2,-2.054888480857147,0.12677478568879422,0.000204344581399838
603,sclerenchyma,-0.06215500004774768,0.027481406913088546,0.02,8429,2,-2.123158447396806,0.13180986260211333,0.00020432327672855632
604,sclerenchyma,-0.0723139520837616,0.027481406913088546,0.02,8443,2,-2.186135959719866,0.13741267075810856,0.00020432070095566522
605,sclerenchyma,-0.08247290411977551,0.027481406913088546,0.02,8457,2,-2.243970312598246,0.14351673387972833,0.0002043868543750672
606,sclerenchyma,-0.09263185615578942,0.027481406913088546,0.02,8471,2,-2.29692519283279,0.15006089542273576,0.00020456152478552772
607,sclerenchyma,-0.10279080819180333,0.027481406913088546,0.02,8485,2,-2.3453315957246774,0.15699012828704162,0.00020481416271442429
608,sclerenchyma,-0.11294976022781725,0.027481406913088546,0.02,8499,2,-2.389551908389279,0.16425570625409142,0.0002046600149393647
609,sclerenchyma,-0.1231087122638358,0.027481406913098312,0.02,8513,2,-2.429954551541687,0.1718149653185219,0.00020444105487194605
610,sclerenchyma,-0.13326766430007397,0.02748140691362715,0.02,8527,2,-2.466897366799265,0.17963083307177494,0.00020433124921170914
611,sclerenchyma,-0.1434266163521652,0.02748140695001429,0.02,8541,2,-2.5007176502531587,0.1876712514959101,0.00020432027230779908
612,sclerenchyma,-0.15358556870277748,0.02748140781845432,0.02,8555,2,-2.531726933244283,0.19590857255866725,0.0002043203266499754
613,sclerenchyma,-0.1637445250699667,0.027481421024425464,0.02,8569,2,-2.5602091136923018,0.20431895524177765,0.000204404918038601
614,sclerenchyma,-0.17390352635566825,0.027481581462055035,0.02,8583,2,-2.58642224615482,0.21288159846607266,0.00020461740057247166
615,sclerenchyma,-0.18406284597509323,0.027483008318439483,0.02,8597,2,-2.610609846965637,0.22157697109255733,0.00020503796734985854
616,sclerenchyma,-0.1942253578212008,0.027495409559850432,0.02,8611,2,-2.6331232801765756,0.2303708319996553,0.00020597417773428767
617,sclerenchyma,-0.20440327331081434,0.02758453174101161,0.02,8625,2,-2.6547651788883178,0.2391669458530079,0.00021032335701902898
618,sclerenchyma,-0.21463748239294467,0.028037598295969742,0.02,8639,2,-2.6781819573488526,0.24756319387944561,0.00022733556881834717
619,sclerenchyma,-0.22491382394751197,0.030021660921400156,0.02,8653,2,-2.7101135342878857,0.25359591143350124,0.0002406911352137663
620,sclerenchyma,-0.2107487817278176,0.056949629244170956,0.02,8667,3,-2.7903154349417076,0.2247633203456587,0.00025820104618069875
621,sclerenchyma,-0.21279302055970176,0.06689576534526454,0.02,8681,3,-2.831397001405796,0.22048849027193868,0.00024043427872989746
622,sclerenchyma,-0.21097494116117277,0.077256334961571,0.02,8695,3,-2.872181643955742,0.21567842164478815,0.00030071291487969627
623,sclerenchyma,-0.20867154220332695,0.08721585671824779,0.02,8709,3,-2.9139108471684705,0.21087564594288966,0.0003748211427748088
624,sclerenchyma,-0.2060827779711237,0.0970485194223098,0.02,8723,3,-2.956830638057266,0.20616614415442194,0.00039038691488082675
625,sclerenchyma,-0.20320077407062648,0.10679029773053146,0.02,8737,3,-3.0010490105204473,0.20158327635741005,0.0003585374952023816
626,sclerenchyma,-0.2000366518169403,0.1164421221439898,0.02,8751,3,-3.04661167787521,0.19713752609597684,0.00034101284247436725
627,sclerenchyma,-0.19658572982243724,0.1259956734870408,0.02,8765,3,-3.0935567426635355,0.1928381405391803,0.00033529019206945016
628,sclerenchyma,-0.19284542104227603,0.13544094621573127,0.02,8779,3,3.1412783320198145,0.1886899933896536,0.0003247239451060266
629,sclerenchyma,-0.18880721039654486,0.14476543291166896,0.02,8793,3,3.091526709874656,0.18468866141281512,0.00032525169258366493
630,sclerenchyma,-0.18445985701297746,0.15395083639139334,0.02,8807,3,3.040320736915623,0.18085674031104304,0.0003236426202007782
631,sclerenchyma,-0.17981825533543042,0.1629907177590269,0.02,8821,3,2.9876504088345546,0.17720178180086915,0.00032561477980527016
632,sclerenchyma,-0.1748771019621494,0.1718718040703285,0.02,8835,3,2.9335158707912368,0.17373032818119344,0.0003230739910327286
633,sclerenchyma,-0.16963242631466383,0.18057944967917208,0.02,8849,3,2.8779387350974597,0.1704422558509836,0.0003255421879737261
634,sclerenchyma,-0.16407454871978203,0.1890942499405258,0.02,8863,3,2.8209575528280872,0.1673323764530952,0.0003225715605173914
635,sclerenchyma,-0.1581973503197086,0.1973930889425679,0.02,8877,3,2.7625677724688935,0.16442274346749886,0.0003251791378273772
636,sclerenchyma,-0.15201737029768553,0.20546875099360637,0.02,8891,3,2.7028093224295744,0.1617185547848454,0.00032278408781780013
637,sclerenchyma,-0.14553208636220108,0.21330331908143735,0.02,8905,3,2.641735401910888,0.15922317309585923,0.00032446760044222084
638,sclerenchyma,-0.13874038142053205,0.22087730653522059,0.02,8919,3,2.579423500213626,0.15692955708997622,0.00032256447159561175
639,sclerenchyma,-0.1316352344878983,0.2281632221341829,0.02,8933,3,2.5159607275585856,0.15482735655433907,0.0003233297314312107
640,sclerenchyma,-0.1242166775880199,0.23513192938938648,0.02,8947,3,2.4514057809446,0.15293137632449136,0.00032270137402495673
641,sclerenchyma,-0.11650234572705637,0.24177244527702024,0.02,8961,3,2.385849681521879,0.1512378794211953,0.00032301243808738664
642,sclerenchyma,-0.10849414697581364,0.24805908339393154,0.02,8975,3,2.3193881571309376,0.14974135272377936,0.0003225305429594914
643,sclerenchyma,-0.10019674619149632,0.2539649256054624,0.02,8989,3,2.25212916931974,0.14842274588024063,0.00032228253633955254
644,sclerenchyma,-0.09161114006936427,0.25945177926919133,0.02,9003,3,2.1841753440044713,0.14726395061186368,0.0003218180962297468
645,sclerenchyma,-0.08275029445478482,0.26448533457339507,0.02,9017,3,2.1156047499709514,0.1462743666011466,0.00032255798299626377
646,sclerenchyma,-0.07364102371686812,0.2690548598025514,0.02,9031,3,2.0465087155497765,0.14544413607927784,0.0003217189488631544
647,sclerenchyma,-0.06429842841018543,0.27313173697297016,0.02,9045,3,1.9769734683861844,0.14476321900943448,0.0003222527916355635
648,sclerenchyma,-0.05474178752686318,0.27668844414515076,0.02,9059,3,1.9070845847442552,0.14420716550203141,0.00032024651324804524
649,sclerenchyma,-0.04499050914365349,0.2796854047707705,0.02,9073,3,1.8369176879313642,0.14375716353673074,0.0003217199137924535
650,sclerenchyma,-0.03507711148033892,0.28209526479176705,0.02,9087,3,1.7665325388586586,0.14342580611426695,0.0003196341570426647
651,sclerenchyma,-0.025040543439740347,0.28392093490698456,0.02,9101,3,1.6959916497046927,0.1432060528801295,0.0003223260410151822
652,sclerenchyma,-0.01491191452229588,0.2851450885489052,0.02,9115,3,1.6253531628502134,0.1430929282901835,0.00031914392268806894
653,sclerenchyma,-0.0047255000259621436,0.28575549148179535,0.02,9129,3,1.5546725547832914,0.14306854356159981,0.0003223469294795634
654,sclerenchyma,0.005481935939689525,0.28573044255752517,0.02,9143,3,1.4840031150339918,0.14312378402468381,0.0003191578825761201
655,sclerenchyma,0.015666361367887335,0.2850674626699649,0.02,9157,3,1.4133988574846437,0.14328377485873367,0.00032266815322714513
656,sclerenchyma,0.025789860692990177,0.2837971361570122,0.02,9171,3,1.3429163582586834,0.14355262432435345,0.0003197108982259199
657,sclerenchyma,0.03581877036433682,0.28192637550617966,0.02,9185,3,1.2726158968058456,0.14393644480726783,0.0003219311990286111
658,sclerenchyma,0.04572019613854232,0.2794678071451855,0.02,9199,3,1.2025578786167759,0.14442928604788305,0.00032004908711076607
659,sclerenchyma,0.055458801784169114,0.276425883181547,0.02,9213,3,1.132809015550366,0.14503331432550798,0.0003210556956745697
660,sclerenchyma,0.0650006129117611,0.2728232703783981,0.02,9227,3,1.0634539900731639,0.14578138675606483,0.0003213526110424455
661,sclerenchyma,0.07432783697671418,0.26870806817589027,0.02,9241,3,0.9945766388649931,0.14668404641116736,0.0003213898004639335
662,sclerenchyma,0.0834204315546513,0.2641027333260138,0.02,9255,3,0.9262666448148885,0.1477516630961367,0.0003224334728789898
663,sclerenchyma,0.09226084904198018,0.2590323128796553,0.02,9269,3,0.8586076831220484,0.14898171726472395,0.0003217152627753713
664,sclerenchyma,0.10082745865788367,0.25351317879843005,0.02,9283,3,0.7916898495592944,0.15037857183502928,0.00032285487177926203
665,sclerenchyma,0.10910485764020184,0.24757555773044013,0.02,9297,3,0.7256266553754993,0.15196905217820117,0.0003221360389507623
666,sclerenchyma,0.11709481311846655,0.24126347275561658,0.02,9311,3,0.6605152612857627,0.15375930628468432,0.00032328471450797087
667,sclerenchyma,0.12479042397137786,0.23459927662679683,0.02,9325,3,0.5964493853253858,0.15575389597236736,0.00032252608588533217
668,sclerenchyma,0.132186405179868,0.22760564731170987,0.02,9339,3,0.533500504706297,0.15794439246746875,0.0003231158116214271
669,sclerenchyma,0.13927083276146032,0.220297771515514,0.02,9353,3,0.47174363832829064,0.16033053500271308,0.0003230416840075041
670,sclerenchyma,0.14604098691071069,0.2127021356127724,0.02,9367,3,0.411269771683903,0.16292631416702424,0.00032326032864484855
671,sclerenchyma,0.15250673823897248,0.20485000326681319,0.02,9381,3,0.3521372400928289,0.1657286425271886,0.00032414223386591017
672,sclerenchyma,0.1586661856202828,0.1967573285228151,0.02,9395,3,0.2943907247160887,0.16873235921336643,0.000322964651783721
673,sclerenchyma,0.16451730039001064,0.1884393958867742,0.02,9409,3,0.2380410832046706,0.17192053221473155,0.0003246447247791539
674,sclerenchyma,0.17005009776511293,0.17990700300271292,0.02,9423,3,0.18311435254264932,0.17528981887149134,0.0003227302159822891
675,sclerenchyma,0.17526932002099066,0.17118252303943077,0.02,9437,3,0.12964923615411247,0.17884672834009496,0.00032560738481631374
676,sclerenchyma,0.1801881655380163,0.16228832361436724,0.02,9451,3,0.07765271778346333,0.18258557648887627,0.0003232445636134556
677,sclerenchyma,0.18480884857803892,0.1532371982098518,0.02,9465,3,0.027120720410371585,0.1864993151777958,0.0003259114339459065
678,sclerenchyma,0.18913271085509167,0.1440407447562472,0.02,9479,3,-0.0219860084976499,0.19056921547821945,0.00032337822788391907
679,sclerenchyma,0.1931514530252229,0.13470726353557375,0.02,9493,3,-0.06968151049729969,0.1947907038052054,0.00032744726916922876
680,sclerenchyma,0.19687275200359625,0.12525342544307427,0.02,9507,3,-0.11597763764595848,0.1991624670125599,0.00032507239558796634
681,sclerenchyma,0.2003054856271566,0.11569266385169871,0.02,9521,3,-0.16091161105964208,0.20367473131056552,0.00033736870953966595
682,sclerenchyma,0.20344941454808263,0.10603365045138069,0.02,9535,3,-0.20452672908188313,0.2083172883315189,0.00036597551810057697
683,sclerenchyma,0.20630280072358098,0.09628402958394447,0.02,9549,3,-0.24690222600864103,0.21306736566885626,0.0003885339290495261
684,sclerenchyma,0.20884807544402179,0.08644661822694451,0.02,9563,3,-0.288146197536071,0.21789262501679116,0.00040074666673047834
685,sclerenchyma,0.21102780158104567,0.0765022488915193,0.02,9577,3,-0.3288313522231469,0.2225718341937264,0.0003411878058429649
686,sclerenchyma,0.2124203101779521,0.06631412180892933,0.02,9591,3,-0.37104977589608434,0.22594295993270286,0.0002682947527864292
687,sclerenchyma,0.21099194157763906,0.05580843486928193,0.02,9605,3,-0.41248655954625807,0.22338599305041537,0.00024215086791502127
688,sclerenchyma,0.20277625702920776,0.048698946490758926,0.02,9619,3,-0.4400072239051943,0.21534606612627097,0.00024535569401950414
689,sclerenchyma,0.19190300703135246,0.047569461577325015,0.02,9633,3,-0.46268652445412217,0.20643884177423888,0.00026722412781688017
690,sclerenchyma,0.18161641973042156,0.04747089195483121,0.02,9647,3,-0.48580540032969166,0.19746818349617207,0.00034685813667403447
691,sclerenchyma,0.17147228473892762,0.04747776326756506,0.02,9661,3,-0.5108700867112334,0.1885874934587448,0.0004074917594321599
692,sclerenchyma,0.16135560532430515,0.04748126398103856,0.02,9675,3,-0.5383706944200197,0.17983457038145645,0.000372380795879696
693,sclerenchyma,0.15124279231109936,0.04748138338841145,0.02,9689,3,-0.5686565900108494,0.17123116839260882,0.00034382718462951084
694,sclerenchyma,0.14113031987089691,0.047481402063464885,0.02,9703,3,-0.6021119030938702,0.16280129295143467,0.00033796242070759965
695,sclerenchyma,0.1310178922922279,0.04748140613214603,0.02,9717,3,-0.6391740934553591,0.1545733788393402,0.00033155627662625114
696,sclerenchyma,0.12090547055606762,0.0474814068332216,0.02,9731,3,-0.6803395682421199,0.1465814445538455,0.0003292680068962225
697,sclerenchyma,0.11079304947475944,0.04748140690848109,0.02,9745,3,-0.7261643593204257,0.13886623937852943,0.00032803277723921284
698,sclerenchyma,0.10068062844835525,0.04748140691273366,0.02,9759,3,-0.7772581780158897,0.13147648880373078,0.0003296837325474879
699,sclerenchyma,0.09056820742517195,0.047481406913073954,0.02,9773,3,-0.8342675217522086,0.12447017271238894,0.0003291068945706849
700,sclerenchyma,0.08045578640219686,0.047481406913088144,0.02,9787,3,-0.8978415843977507,0.11791565968876778,0.0003281245753601678
701,sclerenchyma,0.07034336537922975,0.04748140691308854,0.02,9801,3,-0.9685733281491579,0.11189237606965968,0.00032971367286689846
702,sclerenchyma,0.06023094435626297,0.047481406913088546,0.02,9815,3,-1.0469085445040673,0.10649050175054332,0.00032897489743203114
703,sclerenchyma,0.050118523333296076,0.047481406913088546,0.02,9829,3,-1.1330206062831414,0.10180899872576235,0.0003282388489836479
704,sclerenchyma,0.040006102310329174,0.047481406913088546,0.02,9843,3,-1.2266609625356462,0.09795121029315347,0.00032973539163006936
705,sclerenchyma,0.029893681287362285,0.047481406913088546,0.02,9857,3,-1.3270161626214014,0.09501751992204571,0.0003288276478216651
706,sclerenchyma,0.019781260264395382,0.047481406913088546,0.02,9871,3,-1.432624976088841,0.09309533126999775,0.0003283756693927867
707,sclerenchyma,0.0096688392414286,0.047481406913088546,0.02,9885,3,-1.5414169403440081,0.09224789663887395,0.00032974865230702197
708,sclerenchyma,-0.00044358178153829667,0.047481406913088546,0.02,9899,3,-1.6509062390619218,0.09250475815985687,0.0003286651457369712
709,sclerenchyma,-0.01055600280450519,0.047481406913088546,0.02,9913,3,-1.7585112611092917,0.09385684976613229,0.0003285350365877129
710,sclerenchyma,-0.02066842382747209,0.047481406913088546,0.02,9927,3,-1.86190524809581,0.09625802995970016,0.00032975345489773776
711,sclerenchyma,-0.03078084485043899,0.047481406913088546,0.02,9941,3,-1.9592859453181142,0.099632477301903,0.00032849476020669705
712,sclerenchyma,-0.04089326587340577,0.047481406913088546,0.02,9955,3,-2.0494966235850316,0.10388539287502065,0.0003287095815396722
713,sclerenchyma,-0.05100568689637265,0.047481406913088546,0.02,9969,3,-2.1320014046944067,0.10891391688013086,0.0003297497994022112
714,sclerenchyma,-0.06111810791933955,0.047481406913088546,0.02,9983,3,-2.2067667212183832,0.11461601042366724,0.0003283442555080993
715,sclerenchyma,-0.07123052894230644,0.047481406913088546,0.02,9997,3,-2.274109928920871,0.12089640407636539,0.00032887153997141936
716,sclerenchyma,-0.08134294996527326,0.04748140691308858,0.02,10011,3,-2.3345586585000104,0.1276697822887033,0.0003297376858205233
717,sclerenchyma,-0.09145537098824107,0.04748140691309067,0.02,10025,3,-2.388741194677695,0.13486188571491675,0.0003282162975947825
718,sclerenchyma,-0.10156779201124036,0.04748140691316999,0.02,10039,3,-2.43731111398815,0.14240928777764383,0.00032901824602125744
719,sclerenchyma,-0.11168021303485573,0.04748140691494809,0.02,10053,3,-2.48090087167251,0.15025845862534468,0.0003297184351675734
720,sclerenchyma,-0.12179263406934572,0.047481406947524674,0.02,10067,3,-2.520096579981873,0.15836453397998515,0.00032811027233993484
721,sclerenchyma,-0.13190505525595456,0.0474814074412306,0.02,10081,3,-2.5554268592811735,0.16669003749382005,0.00032945229033966744
722,sclerenchyma,-0.14201747796961722,0.04748141314006069,0.02,10095,3,-2.5873603618858025,0.17520368123188232,0.0003317817986450083
723,sclerenchyma,-0.15212991342061763,0.04748146577159129,0.02,10109,3,-2.6163086050840145,0.18387925846065967,0.0003540911311453315
724,sclerenchyma,-0.1622424462003464,0.04748189221740107,0.02,10123,3,-2.6426345230222346,0.19269435038813953,0.0003723708229401445
725,sclerenchyma,-0.17235606041388568,0.047485884543439806,0.02,10137,3,-2.6667065134066195,0.20162457407490433,0.00039847790604707276
726,sclerenchyma,-0.18247946353356964,0.04752509562275206,0.02,10151,3,-2.6892909697002594,0.2106020383626443,0.00039073244856506527
727,sclerenchyma,-0.19265366338188714,0.04781689467272011,0.02,10165,3,-2.713087236443804,0.21931042330065695,0.00030802426879441116
728,sclerenchyma,-0.202922026720102,0.04943650005600267,0.02,10179,3,-2.746599920167247,0.22585378675530693,0.00024179577566301158
729,mesophyll,-0.15011507704126567,0.10736844146346844,0.05,10193,4,-2.9739212683130893,0.14670615464572412,0.0012024850023124435
730,mesophyll,-0.14687709492787548,0.12236581061006319,0.05,10207,4,-3.0656896769495168,0.13871773558234798,0.0006844348950782749
731,mesophyll,-0.1396430693000132,0.1366078929046449,0.05,10221,4,3.1184691142173384,0.13118261856044672,0.0007699485994991153
732,mesophyll,-0.1321021008384476,0.15023086537234334,0.05,10235,4,3.011542213868299,0.1241834353180032,0.0008807226899333315
733,mesophyll,-0.1236967654455891,0.16335184452754192,0.05,10249,4,2.8962645489433037,0.11778885187980818,0.0009299330496962986
734,mesophyll,-0.11440387926119003,0.17587957849613312,0.05,10263,4,2.7723756969978037,0.11207062595025095,0.0008562717106112045
735,mesophyll,-0.10420991889282052,0.1877101147789533,0.05,10277,4,2.6399314320125176,0.10708862053681117,0.0008179527840815302
736,mesophyll,-0.09310011470634588,0.19871824735581722,0.05,10291,4,2.4993787178127165,0.10287836813335449,0.0008169410131269729
737,mesophyll,-0.08106687643766898,0.2087500379378556,0.05,10305,4,2.351522703921248,0.09946034913351734,0.0008132451612839737
738,mesophyll,-0.06812784867771669,0.21763411086271697,0.05,10319,4,2.1975144329848426,0.09681833679026866,0.0008136587265793801
739,mesophyll,-0.054321519516931115,0.22517006248853969,0.05,10333,4,2.0387198949084344,0.0948988045833105,0.0008179053599195655
740,mesophyll,-0.03972950532247261,0.23113498669069174,0.05,10347,4,1.876524051127535,0.09362883954386797,0.0008134447632329107
741,mesophyll,-0.024496590112982553,0.23531302701751478,0.05,10361,4,1.7122310444665645,0.09294387315800538,0.0008199197545690752
742,mesophyll,-0.008829928891357218,0.23752959047825464,0.05,10375,4,1.5470237339920376,0.09276207557280476,0.0008152433057709638
743,mesophyll,0.0070089254676920275,0.23764655990869007,0.05,10389,4,1.381952520934146,0.09306825845112342,0.0008200736596957817
744,mesophyll,0.022718862810388422,0.23566282395832283,0.05,10403,4,1.2181084434828093,0.09391185462414832,0.0008161893823901431
745,mesophyll,0.038028167306839396,0.23169535024003288,0.05,10417,4,1.056721608679772,0.09536151752072443,0.0008179102329882677
746,mesophyll,0.05272180860581907,0.22591761501831406,0.05,10431,4,0.8991242151308749,0.09748096689523383,0.0008173225955119016
747,mesophyll,0.06664086045806303,0.21853439629822327,0.05,10445,4,0.7467357316105285,0.10034950151275211,0.0008131306603865535
748,mesophyll,0.07969890690118202,0.2097796439471183,0.05,10459,4,0.6008595090123784,0.10399744762259955,0.0008164899028387137
749,mesophyll,0.09184556573644419,0.19984865513914996,0.05,10473,4,0.4625603488383582,0.1084331077012823,0.0008123940994282714
750,mesophyll,0.10306638977492184,0.18892610213459607,0.05,10487,4,0.3325662067859402,0.11363884515563245,0.0008247979020040592
751,mesophyll,0.11336969275930313,0.17716899389557997,0.05,10501,4,0.21118581940024067,0.11956420196440198,0.0008256645321369894
752,mesophyll,0.12276642650267651,0.1647013005777126,0.05,10515,4,0.09835567254628078,0.12614141599400203,0.0008720584076771786
753,mesophyll,0.13126951878337376,0.15162875470963133,0.05,10529,4,-0.006241281934771181,0.1333022945838929,0.0009301528266100125
754,mesophyll,0.1388999182164027,0.13804702232772628,0.05,10543,4,-0.10307733471735224,0.14098322508771163,0.0008496759064176437
755,mesophyll,0.14567444611810484,0.12401859699140917,0.05,10557,4,-0.193171159581991,0.14901977533987856,0.0007425607316545552
756,mesophyll,0.15057289498179438,0.10834805125036262,0.05,10571,4,-0.2806434214112137,0.1492406525271188,0.0008055355204429183
757,mesophyll,0.14189674148610207,0.09399683632531135,0.05,10585,4,-0.3182011671135941,0.1348976381865227,0.0010966478897075343
758,mesophyll,0.1235057290913924,0.09507453132189668,0.05,10599,4,-0.3580829499218018,0.1204295729295198,0.0007040350212191677
759,mesophyll,0.10806122414813189,0.09520286813009947,0.05,10613,4,-0.40871116037071564,0.10620337894827228,0.0008126271404894632
760,mesophyll,0.0927257366431898,0.0952035172674549,0.05,10627,4,-0.47476525960982413,0.09233285298677393,0.0009363404548241232
761,mesophyll,0.07739077029368044,0.09520351728266178,0.05,10641,4,-0.5636109115552622,0.07900554516236913,0.0008949067651301898
762,mesophyll,0.06205580395664894,0.09520351728272096,0.05,10655,4,-0.6870307546012471,0.06654862115206879,0.0008425963453204511
763,mesophyll,0.04672083761966669,0.09520351728272138,0.05,10669,4,-0.8630231384188465,0.05555073512738372,0.0008050269560400686
764,mesophyll,0.031385871282684774,0.09520351728272138,0.05,10683,4,-1.1132907242089862,0.04704648503614958,0.0008050088769053238
765,mesophyll,0.016050904945702868,0.09520351728272138,0.05,10697,4,-1.4424775785221968,0.042557980690268726,0.00080522727650838
766,mesophyll,0.0007159386087209692,0.09520351728272138,0.05,10711,4,-1.8009358062817515,0.043351056177706467,0.0008052459347408107
767,mesophyll,-0.014619027728260934,0.09520351728272138,0.05,10725,4,-2.109455656304562,0.04917081256319417,0.0008053984834092814
768,mesophyll,-0.029953994065242833,0.09520351728272138,0.05,10739,4,-2.3362712885159027,0.058536705831807985,0.0008054638256962232
769,mesophyll,-0.045288960402224736,0.09520351728272138,0.05,10753,4,-2.4948054522745453,0.07004031293667388,0.0008054344129814439
770,mesophyll,-0.06062392673920665,0.09520351728272138,0.05,10767,4,-2.6066540265077767,0.08279533397485359,0.0008119824321722302
771,mesophyll,-0.07595889307618993,0.09520351728272297,0.05,10781,4,-2.6879180272464263,0.09630582331749078,0.0008393502355927067
772,mesophyll,-0.09129385941332763,0.09520351728292724,0.05,10795,4,-2.7488915385515673,0.11029450696530305,0.000915682080239079
773,mesophyll,-0.10662882605761542,0.09520351766706234,0.05,10809,4,-2.7960072704518026,0.12460042979150282,0.0009101842229016644
774,mesophyll,-0.12196667898954942,0.0952071193994744,0.05,10823,4,-2.8335136601124264,0.13911863796573595,0.0007740809384390279
775,mesophyll,-0.13766035817738406,0.09572770162857953,0.05,10837,4,-2.8816324628167873,0.1522949076717923,0.0007157528097766733
776,mesophyll,-0.06405669696513154,0.15598639280845153,0.05,10851,5,2.7732927573004136,0.05727925494709408,0.0013239655310196673
777,mesophyll,-0.052419983017679944,0.16780948975453888,0.05,10865,5,2.494082477378804,0.05031604336366176,0.0005750229390167806
778,mesophyll,-0.0380741218327974,0.17726448733197847,0.05,10879,5,2.163286782855147,0.04550051048941753,0.0006504686836733642
779,mesophyll,-0.022334169788570234,0.1841813219013515,0.05,10893,5,1.7933211320861095,0.04304176922105278,0.000706384105333139
780,mesophyll,-0.005343131487242173,0.18760625598158515,0.05,10907,5,1.407848277376239,0.04285960419599927,0.0007341770522445165
781,mesophyll,0.01204903264758877,0.1867889898951185,0.05,10921,5,1.0336163961831482,0.04494530740785011,0.0007346686007786958
782,mesophyll,0.02870625930997315,0.18187650669288566,0.05,10935,5,0.6954033173931806,0.04939816297186837,0.0007073556007365228
783,mesophyll,0.04392092800557794,0.17378898776789667,0.05,10949,5,0.407922941293408,0.056060394316613776,0.0006607206090387825
784,mesophyll,0.05752566221383096,0.16342613307877352,0.05,10963,5,0.17122526946453037,0.06443792288005777,0.0006052730166043089
785,mesophyll,0.0670601546822229,0.14728038906121926,0.05,10977,5,0.15230255450897856,0.051359070599209244,0.0012314617626769239
786,mesophyll,0.046473942638910276,0.14471309880416056,0.05,10991,5,0.22359546951147588,0.03514033200894018,0.0005787953335430987
787,mesophyll,0.029535492295852516,0.14520351728272138,0.05,11005,5,0.4133093748390727,0.019400131769612493,0.0006105118335902802
788,mesophyll,0.013036501749522141,0.14520351728272138,0.05,11019,5,1.4095294396038476,0.007894344162367685,0.0006710140284484106
789,mesophyll,-0.0034624887968082506,0.14520351728272138,0.05,11033,5,2.668732865931878,0.01710875813509818,0.0006940649945916024
790,mesophyll,-0.01996147934313862,0.14520351728272138,0.05,11047,5,2.9007913250646027,0.03267310695652412,0.0006748168256465836
791,mesophyll,-0.03646046988946898,0.14520351728272138,0.05,11061,5,2.981417254656999,0.0488547603571591,0.0006206388627671331
792,mesophyll,-0.053066069603008276,0.14534030406579507,0.05,11075,5,3.0070697511654925,0.06508560154634699,0.0005297045784954192
